{
  "intercept": 37262.00715938043,
  "formula": "military_annual_salary_inflated ~ rank + occupation_name + years_of_service + skill_level + civilian_category",
  "coefficients": {
    "Intercept": 37262.00715938043,
    "C(rank)[T.2nd Lieutenant]": -8161.119830762058,
    "C(rank)[T.Captain]": 5648.572631614502,
    "C(rank)[T.Colonel]": 45390.057566822616,
    "C(rank)[T.Lt Colonel]": 30845.502137964264,
    "C(rank)[T.Major]": 17785.999822837264,
    "C(rank)[T.Master Sergeant]": 3403.061151366233,
    "C(rank)[T.PFC]": -20228.99276532645,
    "C(rank)[T.Private]": -23694.48872967718,
    "C(rank)[T.Senior Sergeant]": 17574.95896276222,
    "C(rank)[T.Sergeant]": -21218.859123555678,
    "C(rank)[T.Sergeant Major]": 30512.38773706636,
    "C(rank)[T.Sgt First Class]": -7871.832531950261,
    "C(rank)[T.Specialist]": -16853.653778691878,
    "C(rank)[T.Staff Sergeant]": -17486.929145725226,
    "C(occupation_name)[T.Air Battle Manager]": 1458.792140794722,
    "C(occupation_name)[T.Ammunition Specialist]": 951.5356404977836,
    "C(occupation_name)[T.Automated Logistical Specialist]": 170.78667535413206,
    "C(occupation_name)[T.Avionics Flight Test Technician]": 174.79351330064878,
    "C(occupation_name)[T.Combat Medic]": -444.36245682298477,
    "C(occupation_name)[T.Communications Technician]": 1477.162070047546,
    "C(occupation_name)[T.Communications and Information Officer]": 1713.9720752659077,
    "C(occupation_name)[T.Cyber Operational Intelligence Analyst]": -287.96476812311266,
    "C(occupation_name)[T.Cyber Operations Specialist]": 196.69524732979062,
    "C(occupation_name)[T.Cyber Warfare Operations Specialist]": 600.7558090403336,
    "C(occupation_name)[T.Cyber Warfare Operator]": 576.1151120358327,
    "C(occupation_name)[T.Data Network Technician]": 524.6801732236709,
    "C(occupation_name)[T.Engineman]": 307.6362091105075,
    "C(occupation_name)[T.Hospital Corpsman]": -649.5367915952831,
    "C(occupation_name)[T.Human Resources Officer]": 3100.1558092290234,
    "C(occupation_name)[T.Human Resources Specialist]": 1647.6959832015623,
    "C(occupation_name)[T.Information Technology Specialist]": 99.9462972070587,
    "C(occupation_name)[T.Intelligence Analyst]": 1182.3383745967526,
    "C(occupation_name)[T.Intelligence Officer]": 812.720872771737,
    "C(occupation_name)[T.Intelligence Specialist]": 1043.1656048903578,
    "C(occupation_name)[T.Inventory Management Specialist]": 1241.271330796838,
    "C(occupation_name)[T.Logistics Readiness Officer]": 816.9673633410089,
    "C(occupation_name)[T.Machinery Repairman]": 770.4416621385826,
    "C(occupation_name)[T.Medical Laboratory Specialist]": -23.44941895961938,
    "C(occupation_name)[T.Motor Transport Operator]": 2334.0934830201995,
    "C(occupation_name)[T.Operating Room Technician]": -452.52319569566544,
    "C(occupation_name)[T.Personnel Specialist]": 2986.8992510405515,
    "C(occupation_name)[T.Radar Repairer]": 873.745981474606,
    "C(occupation_name)[T.Rifleman/Infantry]": 1453.8232198817802,
    "C(occupation_name)[T.Signal Support Specialist]": 1094.4026592897253,
    "C(occupation_name)[T.Signals Intelligence Technician]": 1608.482173145776,
    "C(occupation_name)[T.Strike Warfare Officer]": 1009.0025046004384,
    "C(occupation_name)[T.Supply Systems Technician]": 725.1942996704556,
    "C(occupation_name)[T.Surface Warfare Officer (SWO)]": 663.4254549606733,
    "C(occupation_name)[T.Unit Supply Specialist]": 604.3512123015535,
    "C(skill_level)[T.Analytical]": 4646.707025404609,
    "C(skill_level)[T.Management]": 4585.043320237637,
    "C(skill_level)[T.Medical]": 5328.9237239439935,
    "C(skill_level)[T.Operations]": 5892.664364484157,
    "C(skill_level)[T.Technical]": 9073.917681838884,
    "C(civilian_category)[T.Cybersecurity]": 1085.6014002828729,
    "C(civilian_category)[T.Engineering]": 1252.8713845497282,
    "C(civilian_category)[T.HR/Administration]": 7734.751043471116,
    "C(civilian_category)[T.Healthcare]": 5328.923723943982,
    "C(civilian_category)[T.IT/Tech]": 624.6264704307387,
    "C(civilian_category)[T.Intelligence]": 4646.707025404592,
    "C(civilian_category)[T.Leadership]": 4585.043320237642,
    "C(civilian_category)[T.Logistics]": 3558.5708814639756,
    "C(civilian_category)[T.Operations]": 951.5356404977794,
    "C(civilian_category)[T.Technical]": 873.7459814746165,
    "C(civilian_category)[T.Transportation]": 2334.0934830202136,
    "years_of_service": 2653.008934770226
  }
}